Timestamp,Device ID,Channel,Sensor Name,Sensor ID,Data Type,Unit,Value
2020-10-14T09:38:41.470Z,3b8cebf0-0df2-11eb-a2e4-b32ea624e442,0,Channel 0,0a270e60-0e01-11eb-8779-7d56e82df461,temp,c,22.399999618530273
2020-10-14T09:38:41.838Z,3b8cebf0-0df2-11eb-a2e4-b32ea624e442,1,Channel 1,0b2ee170-0e01-11eb-8779-7d56e82df461,,,51
2020-10-14T09:38:46.478Z,3b8cebf0-0df2-11eb-a2e4-b32ea624e442,0,Channel 0,0a270e60-0e01-11eb-8779-7d56e82df461,temp,c,22.399999618530273
2020-10-14T09:38:46.574Z,3b8cebf0-0df2-11eb-a2e4-b32ea624e442,1,Channel 1,0b2ee170-0e01-11eb-8779-7d56e82df461,,,51
2020-10-14T09:38:51.482Z,3b8cebf0-0df2-11eb-a2e4-b32ea624e442,0,Channel 0,0a270e60-0e01-11eb-8779-7d56e82df461,temp,c,22.399999618530273
2020-10-14T09:38:51.578Z,3b8cebf0-0df2-11eb-a2e4-b32ea624e442,1,Channel 1,0b2ee170-0e01-11eb-8779-7d56e82df461,,,51
2020-10-14T09:38:56.511Z,3b8cebf0-0df2-11eb-a2e4-b32ea624e442,0,Channel 0,0a270e60-0e01-11eb-8779-7d56e82df461,temp,c,22.399999618530273
2020-10-14T09:38:56.584Z,3b8cebf0-0df2-11eb-a2e4-b32ea624e442,1,Channel 1,0b2ee170-0e01-11eb-8779-7d56e82df461,,,51
2020-10-14T09:39:01.594Z,3b8cebf0-0df2-11eb-a2e4-b32ea624e442,1,Channel 1,0b2ee170-0e01-11eb-8779-7d56e82df461,,,51
2020-10-14T09:39:01.595Z,3b8cebf0-0df2-11eb-a2e4-b32ea624e442,0,Channel 0,0a270e60-0e01-11eb-8779-7d56e82df461,temp,c,22.399999618530273
2020-10-14T09:39:06.509Z,3b8cebf0-0df2-11eb-a2e4-b32ea624e442,0,Channel 0,0a270e60-0e01-11eb-8779-7d56e82df461,temp,c,22.399999618530273
2020-10-14T09:39:06.611Z,3b8cebf0-0df2-11eb-a2e4-b32ea624e442,1,Channel 1,0b2ee170-0e01-11eb-8779-7d56e82df461,,,51
2020-10-14T09:39:11.531Z,3b8cebf0-0df2-11eb-a2e4-b32ea624e442,0,Channel 0,0a270e60-0e01-11eb-8779-7d56e82df461,temp,c,22.399999618530273
2020-10-14T09:39:11.613Z,3b8cebf0-0df2-11eb-a2e4-b32ea624e442,1,Channel 1,0b2ee170-0e01-11eb-8779-7d56e82df461,,,51
2020-10-14T09:39:16.523Z,3b8cebf0-0df2-11eb-a2e4-b32ea624e442,0,Channel 0,0a270e60-0e01-11eb-8779-7d56e82df461,temp,c,22.399999618530273
2020-10-14T09:39:17.407Z,3b8cebf0-0df2-11eb-a2e4-b32ea624e442,1,Channel 1,0b2ee170-0e01-11eb-8779-7d56e82df461,,,51
2020-10-14T09:39:21.533Z,3b8cebf0-0df2-11eb-a2e4-b32ea624e442,0,Channel 0,0a270e60-0e01-11eb-8779-7d56e82df461,temp,c,22.399999618530273
2020-10-14T09:39:21.625Z,3b8cebf0-0df2-11eb-a2e4-b32ea624e442,1,Channel 1,0b2ee170-0e01-11eb-8779-7d56e82df461,,,51
2020-10-14T09:39:26.671Z,3b8cebf0-0df2-11eb-a2e4-b32ea624e442,1,Channel 1,0b2ee170-0e01-11eb-8779-7d56e82df461,,,51
2020-10-14T09:39:26.885Z,3b8cebf0-0df2-11eb-a2e4-b32ea624e442,0,Channel 0,0a270e60-0e01-11eb-8779-7d56e82df461,temp,c,22.399999618530273
2020-10-14T09:39:31.545Z,3b8cebf0-0df2-11eb-a2e4-b32ea624e442,0,Channel 0,0a270e60-0e01-11eb-8779-7d56e82df461,temp,c,22.399999618530273
2020-10-14T09:39:31.641Z,3b8cebf0-0df2-11eb-a2e4-b32ea624e442,1,Channel 1,0b2ee170-0e01-11eb-8779-7d56e82df461,,,51
2020-10-14T09:39:36.646Z,3b8cebf0-0df2-11eb-a2e4-b32ea624e442,0,Channel 0,0a270e60-0e01-11eb-8779-7d56e82df461,temp,c,22.399999618530273
2020-10-14T09:39:36.651Z,3b8cebf0-0df2-11eb-a2e4-b32ea624e442,1,Channel 1,0b2ee170-0e01-11eb-8779-7d56e82df461,,,51
2020-10-14T09:39:41.669Z,3b8cebf0-0df2-11eb-a2e4-b32ea624e442,1,Channel 1,0b2ee170-0e01-11eb-8779-7d56e82df461,,,51
2020-10-14T09:39:41.802Z,3b8cebf0-0df2-11eb-a2e4-b32ea624e442,0,Channel 0,0a270e60-0e01-11eb-8779-7d56e82df461,temp,c,22.399999618530273
2020-10-14T09:39:46.581Z,3b8cebf0-0df2-11eb-a2e4-b32ea624e442,0,Channel 0,0a270e60-0e01-11eb-8779-7d56e82df461,temp,c,22.399999618530273
2020-10-14T09:39:46.772Z,3b8cebf0-0df2-11eb-a2e4-b32ea624e442,1,Channel 1,0b2ee170-0e01-11eb-8779-7d56e82df461,,,51
2020-10-14T09:39:51.636Z,3b8cebf0-0df2-11eb-a2e4-b32ea624e442,0,Channel 0,0a270e60-0e01-11eb-8779-7d56e82df461,temp,c,22.399999618530273
2020-10-14T09:39:51.674Z,3b8cebf0-0df2-11eb-a2e4-b32ea624e442,1,Channel 1,0b2ee170-0e01-11eb-8779-7d56e82df461,,,51
2020-10-14T09:39:56.588Z,3b8cebf0-0df2-11eb-a2e4-b32ea624e442,0,Channel 0,0a270e60-0e01-11eb-8779-7d56e82df461,temp,c,22.399999618530273
2020-10-14T09:39:56.714Z,3b8cebf0-0df2-11eb-a2e4-b32ea624e442,1,Channel 1,0b2ee170-0e01-11eb-8779-7d56e82df461,,,51
2020-10-14T09:40:01.649Z,3b8cebf0-0df2-11eb-a2e4-b32ea624e442,0,Channel 0,0a270e60-0e01-11eb-8779-7d56e82df461,temp,c,22.399999618530273
2020-10-14T09:40:01.764Z,3b8cebf0-0df2-11eb-a2e4-b32ea624e442,1,Channel 1,0b2ee170-0e01-11eb-8779-7d56e82df461,,,51
2020-10-14T09:40:06.701Z,3b8cebf0-0df2-11eb-a2e4-b32ea624e442,1,Channel 1,0b2ee170-0e01-11eb-8779-7d56e82df461,,,51
2020-10-14T09:40:06.721Z,3b8cebf0-0df2-11eb-a2e4-b32ea624e442,0,Channel 0,0a270e60-0e01-11eb-8779-7d56e82df461,temp,c,22.399999618530273
2020-10-14T09:40:11.636Z,3b8cebf0-0df2-11eb-a2e4-b32ea624e442,0,Channel 0,0a270e60-0e01-11eb-8779-7d56e82df461,temp,c,22.399999618530273
2020-10-14T09:40:11.783Z,3b8cebf0-0df2-11eb-a2e4-b32ea624e442,1,Channel 1,0b2ee170-0e01-11eb-8779-7d56e82df461,,,51
2020-10-14T09:40:16.670Z,3b8cebf0-0df2-11eb-a2e4-b32ea624e442,0,Channel 0,0a270e60-0e01-11eb-8779-7d56e82df461,temp,c,22.399999618530273
2020-10-14T09:40:16.738Z,3b8cebf0-0df2-11eb-a2e4-b32ea624e442,1,Channel 1,0b2ee170-0e01-11eb-8779-7d56e82df461,,,51
2020-10-14T09:40:21.625Z,3b8cebf0-0df2-11eb-a2e4-b32ea624e442,0,Channel 0,0a270e60-0e01-11eb-8779-7d56e82df461,temp,c,22.399999618530273
2020-10-14T09:40:21.770Z,3b8cebf0-0df2-11eb-a2e4-b32ea624e442,1,Channel 1,0b2ee170-0e01-11eb-8779-7d56e82df461,,,51
2020-10-14T09:40:26.697Z,3b8cebf0-0df2-11eb-a2e4-b32ea624e442,0,Channel 0,0a270e60-0e01-11eb-8779-7d56e82df461,temp,c,22.399999618530273
2020-10-14T09:40:26.786Z,3b8cebf0-0df2-11eb-a2e4-b32ea624e442,1,Channel 1,0b2ee170-0e01-11eb-8779-7d56e82df461,,,51
2020-10-14T09:40:31.641Z,3b8cebf0-0df2-11eb-a2e4-b32ea624e442,0,Channel 0,0a270e60-0e01-11eb-8779-7d56e82df461,temp,c,22.399999618530273
2020-10-14T09:40:31.736Z,3b8cebf0-0df2-11eb-a2e4-b32ea624e442,1,Channel 1,0b2ee170-0e01-11eb-8779-7d56e82df461,,,51
2020-10-14T09:40:36.717Z,3b8cebf0-0df2-11eb-a2e4-b32ea624e442,0,Channel 0,0a270e60-0e01-11eb-8779-7d56e82df461,temp,c,22.399999618530273
2020-10-14T09:40:36.744Z,3b8cebf0-0df2-11eb-a2e4-b32ea624e442,1,Channel 1,0b2ee170-0e01-11eb-8779-7d56e82df461,,,51
2020-10-14T09:40:41.753Z,3b8cebf0-0df2-11eb-a2e4-b32ea624e442,1,Channel 1,0b2ee170-0e01-11eb-8779-7d56e82df461,,,51
2020-10-14T09:40:41.837Z,3b8cebf0-0df2-11eb-a2e4-b32ea624e442,0,Channel 0,0a270e60-0e01-11eb-8779-7d56e82df461,temp,c,22.399999618530273
2020-10-14T09:40:46.666Z,3b8cebf0-0df2-11eb-a2e4-b32ea624e442,0,Channel 0,0a270e60-0e01-11eb-8779-7d56e82df461,temp,c,22.399999618530273
2020-10-14T09:40:46.815Z,3b8cebf0-0df2-11eb-a2e4-b32ea624e442,1,Channel 1,0b2ee170-0e01-11eb-8779-7d56e82df461,,,51
2020-10-14T09:40:51.673Z,3b8cebf0-0df2-11eb-a2e4-b32ea624e442,0,Channel 0,0a270e60-0e01-11eb-8779-7d56e82df461,temp,c,22.399999618530273
2020-10-14T09:40:51.767Z,3b8cebf0-0df2-11eb-a2e4-b32ea624e442,1,Channel 1,0b2ee170-0e01-11eb-8779-7d56e82df461,,,51
2020-10-14T09:40:56.683Z,3b8cebf0-0df2-11eb-a2e4-b32ea624e442,0,Channel 0,0a270e60-0e01-11eb-8779-7d56e82df461,temp,c,22.399999618530273
2020-10-14T09:40:56.776Z,3b8cebf0-0df2-11eb-a2e4-b32ea624e442,1,Channel 1,0b2ee170-0e01-11eb-8779-7d56e82df461,,,51
2020-10-14T09:41:01.686Z,3b8cebf0-0df2-11eb-a2e4-b32ea624e442,0,Channel 0,0a270e60-0e01-11eb-8779-7d56e82df461,temp,c,22.399999618530273
2020-10-14T09:41:01.985Z,3b8cebf0-0df2-11eb-a2e4-b32ea624e442,1,Channel 1,0b2ee170-0e01-11eb-8779-7d56e82df461,,,51
2020-10-14T09:41:06.713Z,3b8cebf0-0df2-11eb-a2e4-b32ea624e442,0,Channel 0,0a270e60-0e01-11eb-8779-7d56e82df461,temp,c,22.399999618530273
2020-10-14T09:41:06.913Z,3b8cebf0-0df2-11eb-a2e4-b32ea624e442,1,Channel 1,0b2ee170-0e01-11eb-8779-7d56e82df461,,,51
2020-10-14T09:41:12.067Z,3b8cebf0-0df2-11eb-a2e4-b32ea624e442,1,Channel 1,0b2ee170-0e01-11eb-8779-7d56e82df461,,,51
2020-10-14T09:41:12.082Z,3b8cebf0-0df2-11eb-a2e4-b32ea624e442,0,Channel 0,0a270e60-0e01-11eb-8779-7d56e82df461,temp,c,22.399999618530273
2020-10-14T09:41:16.742Z,3b8cebf0-0df2-11eb-a2e4-b32ea624e442,0,Channel 0,0a270e60-0e01-11eb-8779-7d56e82df461,temp,c,22.399999618530273
2020-10-14T09:41:16.808Z,3b8cebf0-0df2-11eb-a2e4-b32ea624e442,1,Channel 1,0b2ee170-0e01-11eb-8779-7d56e82df461,,,51
2020-10-14T09:41:21.818Z,3b8cebf0-0df2-11eb-a2e4-b32ea624e442,0,Channel 0,0a270e60-0e01-11eb-8779-7d56e82df461,temp,c,22.399999618530273
2020-10-14T09:41:22.024Z,3b8cebf0-0df2-11eb-a2e4-b32ea624e442,1,Channel 1,0b2ee170-0e01-11eb-8779-7d56e82df461,,,51
2020-10-14T09:41:26.731Z,3b8cebf0-0df2-11eb-a2e4-b32ea624e442,0,Channel 0,0a270e60-0e01-11eb-8779-7d56e82df461,temp,c,22.399999618530273
2020-10-14T09:41:26.830Z,3b8cebf0-0df2-11eb-a2e4-b32ea624e442,1,Channel 1,0b2ee170-0e01-11eb-8779-7d56e82df461,,,51
2020-10-14T09:41:31.733Z,3b8cebf0-0df2-11eb-a2e4-b32ea624e442,0,Channel 0,0a270e60-0e01-11eb-8779-7d56e82df461,temp,c,22.399999618530273
2020-10-14T09:41:31.829Z,3b8cebf0-0df2-11eb-a2e4-b32ea624e442,1,Channel 1,0b2ee170-0e01-11eb-8779-7d56e82df461,,,51
2020-10-14T09:41:36.741Z,3b8cebf0-0df2-11eb-a2e4-b32ea624e442,0,Channel 0,0a270e60-0e01-11eb-8779-7d56e82df461,temp,c,22.399999618530273
2020-10-14T09:41:36.837Z,3b8cebf0-0df2-11eb-a2e4-b32ea624e442,1,Channel 1,0b2ee170-0e01-11eb-8779-7d56e82df461,,,51
2020-10-14T09:41:41.886Z,3b8cebf0-0df2-11eb-a2e4-b32ea624e442,0,Channel 0,0a270e60-0e01-11eb-8779-7d56e82df461,temp,c,22.399999618530273
2020-10-14T09:41:41.980Z,3b8cebf0-0df2-11eb-a2e4-b32ea624e442,1,Channel 1,0b2ee170-0e01-11eb-8779-7d56e82df461,,,51
2020-10-14T09:41:46.757Z,3b8cebf0-0df2-11eb-a2e4-b32ea624e442,0,Channel 0,0a270e60-0e01-11eb-8779-7d56e82df461,temp,c,22.399999618530273
2020-10-14T09:41:46.855Z,3b8cebf0-0df2-11eb-a2e4-b32ea624e442,1,Channel 1,0b2ee170-0e01-11eb-8779-7d56e82df461,,,51
2020-10-14T09:41:51.807Z,3b8cebf0-0df2-11eb-a2e4-b32ea624e442,0,Channel 0,0a270e60-0e01-11eb-8779-7d56e82df461,temp,c,22.399999618530273
2020-10-14T09:41:51.858Z,3b8cebf0-0df2-11eb-a2e4-b32ea624e442,1,Channel 1,0b2ee170-0e01-11eb-8779-7d56e82df461,,,51
2020-10-14T09:41:56.778Z,3b8cebf0-0df2-11eb-a2e4-b32ea624e442,0,Channel 0,0a270e60-0e01-11eb-8779-7d56e82df461,temp,c,22.399999618530273
2020-10-14T09:41:56.872Z,3b8cebf0-0df2-11eb-a2e4-b32ea624e442,1,Channel 1,0b2ee170-0e01-11eb-8779-7d56e82df461,,,51
2020-10-14T09:42:01.886Z,3b8cebf0-0df2-11eb-a2e4-b32ea624e442,0,Channel 0,0a270e60-0e01-11eb-8779-7d56e82df461,temp,c,22.399999618530273
2020-10-14T09:42:01.962Z,3b8cebf0-0df2-11eb-a2e4-b32ea624e442,1,Channel 1,0b2ee170-0e01-11eb-8779-7d56e82df461,,,51
2020-10-14T09:42:06.791Z,3b8cebf0-0df2-11eb-a2e4-b32ea624e442,0,Channel 0,0a270e60-0e01-11eb-8779-7d56e82df461,temp,c,22.399999618530273
2020-10-14T09:42:06.887Z,3b8cebf0-0df2-11eb-a2e4-b32ea624e442,1,Channel 1,0b2ee170-0e01-11eb-8779-7d56e82df461,,,51
2020-10-14T09:42:11.799Z,3b8cebf0-0df2-11eb-a2e4-b32ea624e442,0,Channel 0,0a270e60-0e01-11eb-8779-7d56e82df461,temp,c,22.399999618530273
2020-10-14T09:42:11.958Z,3b8cebf0-0df2-11eb-a2e4-b32ea624e442,1,Channel 1,0b2ee170-0e01-11eb-8779-7d56e82df461,,,51
2020-10-14T09:42:16.917Z,3b8cebf0-0df2-11eb-a2e4-b32ea624e442,0,Channel 0,0a270e60-0e01-11eb-8779-7d56e82df461,temp,c,22.399999618530273
2020-10-14T09:42:17.095Z,3b8cebf0-0df2-11eb-a2e4-b32ea624e442,1,Channel 1,0b2ee170-0e01-11eb-8779-7d56e82df461,,,51
2020-10-14T09:42:21.840Z,3b8cebf0-0df2-11eb-a2e4-b32ea624e442,0,Channel 0,0a270e60-0e01-11eb-8779-7d56e82df461,temp,c,22.399999618530273
2020-10-14T09:42:21.925Z,3b8cebf0-0df2-11eb-a2e4-b32ea624e442,1,Channel 1,0b2ee170-0e01-11eb-8779-7d56e82df461,,,51
2020-10-14T09:42:26.882Z,3b8cebf0-0df2-11eb-a2e4-b32ea624e442,0,Channel 0,0a270e60-0e01-11eb-8779-7d56e82df461,temp,c,22.399999618530273
2020-10-14T09:42:27.070Z,3b8cebf0-0df2-11eb-a2e4-b32ea624e442,1,Channel 1,0b2ee170-0e01-11eb-8779-7d56e82df461,,,51
2020-10-14T09:42:31.829Z,3b8cebf0-0df2-11eb-a2e4-b32ea624e442,0,Channel 0,0a270e60-0e01-11eb-8779-7d56e82df461,temp,c,22.399999618530273
2020-10-14T09:42:32.055Z,3b8cebf0-0df2-11eb-a2e4-b32ea624e442,1,Channel 1,0b2ee170-0e01-11eb-8779-7d56e82df461,,,51
2020-10-14T09:42:36.838Z,3b8cebf0-0df2-11eb-a2e4-b32ea624e442,0,Channel 0,0a270e60-0e01-11eb-8779-7d56e82df461,temp,c,22.399999618530273
2020-10-14T09:42:37.169Z,3b8cebf0-0df2-11eb-a2e4-b32ea624e442,1,Channel 1,0b2ee170-0e01-11eb-8779-7d56e82df461,,,51
2020-10-14T09:42:41.843Z,3b8cebf0-0df2-11eb-a2e4-b32ea624e442,0,Channel 0,0a270e60-0e01-11eb-8779-7d56e82df461,temp,c,22.399999618530273
2020-10-14T09:42:41.938Z,3b8cebf0-0df2-11eb-a2e4-b32ea624e442,1,Channel 1,0b2ee170-0e01-11eb-8779-7d56e82df461,,,51
2020-10-14T09:42:46.852Z,3b8cebf0-0df2-11eb-a2e4-b32ea624e442,0,Channel 0,0a270e60-0e01-11eb-8779-7d56e82df461,temp,c,22.399999618530273
2020-10-14T09:42:46.946Z,3b8cebf0-0df2-11eb-a2e4-b32ea624e442,1,Channel 1,0b2ee170-0e01-11eb-8779-7d56e82df461,,,51
2020-10-14T09:42:51.871Z,3b8cebf0-0df2-11eb-a2e4-b32ea624e442,0,Channel 0,0a270e60-0e01-11eb-8779-7d56e82df461,temp,c,22.399999618530273
2020-10-14T09:42:51.954Z,3b8cebf0-0df2-11eb-a2e4-b32ea624e442,1,Channel 1,0b2ee170-0e01-11eb-8779-7d56e82df461,,,51
2020-10-14T09:42:56.867Z,3b8cebf0-0df2-11eb-a2e4-b32ea624e442,0,Channel 0,0a270e60-0e01-11eb-8779-7d56e82df461,temp,c,22.399999618530273
2020-10-14T09:42:56.960Z,3b8cebf0-0df2-11eb-a2e4-b32ea624e442,1,Channel 1,0b2ee170-0e01-11eb-8779-7d56e82df461,,,51
2020-10-14T09:43:01.877Z,3b8cebf0-0df2-11eb-a2e4-b32ea624e442,0,Channel 0,0a270e60-0e01-11eb-8779-7d56e82df461,temp,c,22.399999618530273
2020-10-14T09:43:02.030Z,3b8cebf0-0df2-11eb-a2e4-b32ea624e442,1,Channel 1,0b2ee170-0e01-11eb-8779-7d56e82df461,,,51
2020-10-14T09:43:06.985Z,3b8cebf0-0df2-11eb-a2e4-b32ea624e442,1,Channel 1,0b2ee170-0e01-11eb-8779-7d56e82df461,,,51
2020-10-14T09:43:07.413Z,3b8cebf0-0df2-11eb-a2e4-b32ea624e442,0,Channel 0,0a270e60-0e01-11eb-8779-7d56e82df461,temp,c,22.399999618530273
2020-10-14T09:43:11.906Z,3b8cebf0-0df2-11eb-a2e4-b32ea624e442,0,Channel 0,0a270e60-0e01-11eb-8779-7d56e82df461,temp,c,22.399999618530273
2020-10-14T09:43:12.551Z,3b8cebf0-0df2-11eb-a2e4-b32ea624e442,1,Channel 1,0b2ee170-0e01-11eb-8779-7d56e82df461,,,51
2020-10-14T09:43:16.899Z,3b8cebf0-0df2-11eb-a2e4-b32ea624e442,0,Channel 0,0a270e60-0e01-11eb-8779-7d56e82df461,temp,c,22.399999618530273
2020-10-14T09:43:16.993Z,3b8cebf0-0df2-11eb-a2e4-b32ea624e442,1,Channel 1,0b2ee170-0e01-11eb-8779-7d56e82df461,,,51
2020-10-14T09:43:22.007Z,3b8cebf0-0df2-11eb-a2e4-b32ea624e442,0,Channel 0,0a270e60-0e01-11eb-8779-7d56e82df461,temp,c,22.399999618530273
2020-10-14T09:43:22.009Z,3b8cebf0-0df2-11eb-a2e4-b32ea624e442,1,Channel 1,0b2ee170-0e01-11eb-8779-7d56e82df461,,,51
2020-10-14T09:43:26.916Z,3b8cebf0-0df2-11eb-a2e4-b32ea624e442,0,Channel 0,0a270e60-0e01-11eb-8779-7d56e82df461,temp,c,22.399999618530273
2020-10-14T09:43:27.013Z,3b8cebf0-0df2-11eb-a2e4-b32ea624e442,1,Channel 1,0b2ee170-0e01-11eb-8779-7d56e82df461,,,51
2020-10-14T09:43:31.923Z,3b8cebf0-0df2-11eb-a2e4-b32ea624e442,0,Channel 0,0a270e60-0e01-11eb-8779-7d56e82df461,temp,c,22.399999618530273
2020-10-14T09:43:32.020Z,3b8cebf0-0df2-11eb-a2e4-b32ea624e442,1,Channel 1,0b2ee170-0e01-11eb-8779-7d56e82df461,,,51
2020-10-14T09:43:37.058Z,3b8cebf0-0df2-11eb-a2e4-b32ea624e442,1,Channel 1,0b2ee170-0e01-11eb-8779-7d56e82df461,,,51
2020-10-14T09:43:37.128Z,3b8cebf0-0df2-11eb-a2e4-b32ea624e442,0,Channel 0,0a270e60-0e01-11eb-8779-7d56e82df461,temp,c,22.399999618530273
2020-10-14T09:43:42.042Z,3b8cebf0-0df2-11eb-a2e4-b32ea624e442,1,Channel 1,0b2ee170-0e01-11eb-8779-7d56e82df461,,,51
2020-10-14T09:43:42.099Z,3b8cebf0-0df2-11eb-a2e4-b32ea624e442,0,Channel 0,0a270e60-0e01-11eb-8779-7d56e82df461,temp,c,22.399999618530273
2020-10-14T09:43:46.950Z,3b8cebf0-0df2-11eb-a2e4-b32ea624e442,0,Channel 0,0a270e60-0e01-11eb-8779-7d56e82df461,temp,c,22.399999618530273
2020-10-14T09:43:47.053Z,3b8cebf0-0df2-11eb-a2e4-b32ea624e442,1,Channel 1,0b2ee170-0e01-11eb-8779-7d56e82df461,,,51
2020-10-14T09:43:51.957Z,3b8cebf0-0df2-11eb-a2e4-b32ea624e442,0,Channel 0,0a270e60-0e01-11eb-8779-7d56e82df461,temp,c,22.399999618530273
2020-10-14T09:43:52.123Z,3b8cebf0-0df2-11eb-a2e4-b32ea624e442,1,Channel 1,0b2ee170-0e01-11eb-8779-7d56e82df461,,,51
2020-10-14T09:43:56.960Z,3b8cebf0-0df2-11eb-a2e4-b32ea624e442,0,Channel 0,0a270e60-0e01-11eb-8779-7d56e82df461,temp,c,22.399999618530273
2020-10-14T09:43:57.071Z,3b8cebf0-0df2-11eb-a2e4-b32ea624e442,1,Channel 1,0b2ee170-0e01-11eb-8779-7d56e82df461,,,51
2020-10-14T09:44:01.981Z,3b8cebf0-0df2-11eb-a2e4-b32ea624e442,0,Channel 0,0a270e60-0e01-11eb-8779-7d56e82df461,temp,c,22.399999618530273
2020-10-14T09:44:02.063Z,3b8cebf0-0df2-11eb-a2e4-b32ea624e442,1,Channel 1,0b2ee170-0e01-11eb-8779-7d56e82df461,,,51
2020-10-14T09:44:07.083Z,3b8cebf0-0df2-11eb-a2e4-b32ea624e442,1,Channel 1,0b2ee170-0e01-11eb-8779-7d56e82df461,,,51
2020-10-14T09:44:07.097Z,3b8cebf0-0df2-11eb-a2e4-b32ea624e442,0,Channel 0,0a270e60-0e01-11eb-8779-7d56e82df461,temp,c,22.399999618530273
2020-10-14T09:44:11.984Z,3b8cebf0-0df2-11eb-a2e4-b32ea624e442,0,Channel 0,0a270e60-0e01-11eb-8779-7d56e82df461,temp,c,22.399999618530273
2020-10-14T09:44:12.144Z,3b8cebf0-0df2-11eb-a2e4-b32ea624e442,1,Channel 1,0b2ee170-0e01-11eb-8779-7d56e82df461,,,51
2020-10-14T09:44:16.988Z,3b8cebf0-0df2-11eb-a2e4-b32ea624e442,0,Channel 0,0a270e60-0e01-11eb-8779-7d56e82df461,temp,c,22.399999618530273
2020-10-14T09:44:17.383Z,3b8cebf0-0df2-11eb-a2e4-b32ea624e442,1,Channel 1,0b2ee170-0e01-11eb-8779-7d56e82df461,,,51
2020-10-14T09:44:22.000Z,3b8cebf0-0df2-11eb-a2e4-b32ea624e442,0,Channel 0,0a270e60-0e01-11eb-8779-7d56e82df461,temp,c,22.399999618530273
2020-10-14T09:44:22.108Z,3b8cebf0-0df2-11eb-a2e4-b32ea624e442,1,Channel 1,0b2ee170-0e01-11eb-8779-7d56e82df461,,,51
2020-10-14T09:44:27.106Z,3b8cebf0-0df2-11eb-a2e4-b32ea624e442,1,Channel 1,0b2ee170-0e01-11eb-8779-7d56e82df461,,,51
2020-10-14T09:44:27.203Z,3b8cebf0-0df2-11eb-a2e4-b32ea624e442,0,Channel 0,0a270e60-0e01-11eb-8779-7d56e82df461,temp,c,22.399999618530273
2020-10-14T09:44:32.155Z,3b8cebf0-0df2-11eb-a2e4-b32ea624e442,0,Channel 0,0a270e60-0e01-11eb-8779-7d56e82df461,temp,c,22.399999618530273
2020-10-14T09:44:32.204Z,3b8cebf0-0df2-11eb-a2e4-b32ea624e442,1,Channel 1,0b2ee170-0e01-11eb-8779-7d56e82df461,,,51
2020-10-14T09:44:37.153Z,3b8cebf0-0df2-11eb-a2e4-b32ea624e442,0,Channel 0,0a270e60-0e01-11eb-8779-7d56e82df461,temp,c,22.399999618530273
2020-10-14T09:44:37.284Z,3b8cebf0-0df2-11eb-a2e4-b32ea624e442,1,Channel 1,0b2ee170-0e01-11eb-8779-7d56e82df461,,,51
2020-10-14T09:44:42.027Z,3b8cebf0-0df2-11eb-a2e4-b32ea624e442,0,Channel 0,0a270e60-0e01-11eb-8779-7d56e82df461,temp,c,22.399999618530273
2020-10-14T09:44:42.132Z,3b8cebf0-0df2-11eb-a2e4-b32ea624e442,1,Channel 1,0b2ee170-0e01-11eb-8779-7d56e82df461,,,51
2020-10-14T09:44:47.077Z,3b8cebf0-0df2-11eb-a2e4-b32ea624e442,0,Channel 0,0a270e60-0e01-11eb-8779-7d56e82df461,temp,c,22.399999618530273
2020-10-14T09:44:47.133Z,3b8cebf0-0df2-11eb-a2e4-b32ea624e442,1,Channel 1,0b2ee170-0e01-11eb-8779-7d56e82df461,,,51
2020-10-14T09:44:52.046Z,3b8cebf0-0df2-11eb-a2e4-b32ea624e442,0,Channel 0,0a270e60-0e01-11eb-8779-7d56e82df461,temp,c,22.399999618530273
2020-10-14T09:44:52.141Z,3b8cebf0-0df2-11eb-a2e4-b32ea624e442,1,Channel 1,0b2ee170-0e01-11eb-8779-7d56e82df461,,,51
2020-10-14T09:44:57.085Z,3b8cebf0-0df2-11eb-a2e4-b32ea624e442,0,Channel 0,0a270e60-0e01-11eb-8779-7d56e82df461,temp,c,22.399999618530273
2020-10-14T09:44:57.198Z,3b8cebf0-0df2-11eb-a2e4-b32ea624e442,1,Channel 1,0b2ee170-0e01-11eb-8779-7d56e82df461,,,51
2020-10-14T09:45:02.069Z,3b8cebf0-0df2-11eb-a2e4-b32ea624e442,0,Channel 0,0a270e60-0e01-11eb-8779-7d56e82df461,temp,c,22.399999618530273
2020-10-14T09:45:02.163Z,3b8cebf0-0df2-11eb-a2e4-b32ea624e442,1,Channel 1,0b2ee170-0e01-11eb-8779-7d56e82df461,,,51
2020-10-14T09:45:07.069Z,3b8cebf0-0df2-11eb-a2e4-b32ea624e442,0,Channel 0,0a270e60-0e01-11eb-8779-7d56e82df461,temp,c,22.399999618530273
2020-10-14T09:45:07.212Z,3b8cebf0-0df2-11eb-a2e4-b32ea624e442,1,Channel 1,0b2ee170-0e01-11eb-8779-7d56e82df461,,,51
2020-10-14T09:45:12.079Z,3b8cebf0-0df2-11eb-a2e4-b32ea624e442,0,Channel 0,0a270e60-0e01-11eb-8779-7d56e82df461,temp,c,22.399999618530273
2020-10-14T09:45:12.173Z,3b8cebf0-0df2-11eb-a2e4-b32ea624e442,1,Channel 1,0b2ee170-0e01-11eb-8779-7d56e82df461,,,51
2020-10-14T09:45:17.094Z,3b8cebf0-0df2-11eb-a2e4-b32ea624e442,0,Channel 0,0a270e60-0e01-11eb-8779-7d56e82df461,temp,c,22.399999618530273
2020-10-14T09:45:17.454Z,3b8cebf0-0df2-11eb-a2e4-b32ea624e442,1,Channel 1,0b2ee170-0e01-11eb-8779-7d56e82df461,,,51
2020-10-14T09:45:22.093Z,3b8cebf0-0df2-11eb-a2e4-b32ea624e442,0,Channel 0,0a270e60-0e01-11eb-8779-7d56e82df461,temp,c,22.399999618530273
2020-10-14T09:45:22.188Z,3b8cebf0-0df2-11eb-a2e4-b32ea624e442,1,Channel 1,0b2ee170-0e01-11eb-8779-7d56e82df461,,,51
2020-10-14T09:45:27.162Z,3b8cebf0-0df2-11eb-a2e4-b32ea624e442,0,Channel 0,0a270e60-0e01-11eb-8779-7d56e82df461,temp,c,22.399999618530273
2020-10-14T09:45:27.217Z,3b8cebf0-0df2-11eb-a2e4-b32ea624e442,1,Channel 1,0b2ee170-0e01-11eb-8779-7d56e82df461,,,51
2020-10-14T09:45:32.204Z,3b8cebf0-0df2-11eb-a2e4-b32ea624e442,0,Channel 0,0a270e60-0e01-11eb-8779-7d56e82df461,temp,c,22.399999618530273
2020-10-14T09:45:32.204Z,3b8cebf0-0df2-11eb-a2e4-b32ea624e442,1,Channel 1,0b2ee170-0e01-11eb-8779-7d56e82df461,,,51
2020-10-14T09:45:37.116Z,3b8cebf0-0df2-11eb-a2e4-b32ea624e442,0,Channel 0,0a270e60-0e01-11eb-8779-7d56e82df461,temp,c,22.399999618530273
2020-10-14T09:45:37.235Z,3b8cebf0-0df2-11eb-a2e4-b32ea624e442,1,Channel 1,0b2ee170-0e01-11eb-8779-7d56e82df461,,,51
2020-10-14T09:45:42.168Z,3b8cebf0-0df2-11eb-a2e4-b32ea624e442,0,Channel 0,0a270e60-0e01-11eb-8779-7d56e82df461,temp,c,22.399999618530273
2020-10-14T09:45:42.230Z,3b8cebf0-0df2-11eb-a2e4-b32ea624e442,1,Channel 1,0b2ee170-0e01-11eb-8779-7d56e82df461,,,51
2020-10-14T09:45:47.135Z,3b8cebf0-0df2-11eb-a2e4-b32ea624e442,0,Channel 0,0a270e60-0e01-11eb-8779-7d56e82df461,temp,c,22.399999618530273
2020-10-14T09:45:47.228Z,3b8cebf0-0df2-11eb-a2e4-b32ea624e442,1,Channel 1,0b2ee170-0e01-11eb-8779-7d56e82df461,,,51
2020-10-14T09:45:52.202Z,3b8cebf0-0df2-11eb-a2e4-b32ea624e442,0,Channel 0,0a270e60-0e01-11eb-8779-7d56e82df461,temp,c,22.399999618530273
2020-10-14T09:45:52.241Z,3b8cebf0-0df2-11eb-a2e4-b32ea624e442,1,Channel 1,0b2ee170-0e01-11eb-8779-7d56e82df461,,,51
2020-10-14T09:45:57.150Z,3b8cebf0-0df2-11eb-a2e4-b32ea624e442,0,Channel 0,0a270e60-0e01-11eb-8779-7d56e82df461,temp,c,22.399999618530273
2020-10-14T09:45:57.242Z,3b8cebf0-0df2-11eb-a2e4-b32ea624e442,1,Channel 1,0b2ee170-0e01-11eb-8779-7d56e82df461,,,51
2020-10-14T09:46:02.156Z,3b8cebf0-0df2-11eb-a2e4-b32ea624e442,0,Channel 0,0a270e60-0e01-11eb-8779-7d56e82df461,temp,c,22.399999618530273
2020-10-14T09:46:02.399Z,3b8cebf0-0df2-11eb-a2e4-b32ea624e442,1,Channel 1,0b2ee170-0e01-11eb-8779-7d56e82df461,,,51
2020-10-14T09:46:07.175Z,3b8cebf0-0df2-11eb-a2e4-b32ea624e442,0,Channel 0,0a270e60-0e01-11eb-8779-7d56e82df461,temp,c,22.399999618530273
2020-10-14T09:46:07.449Z,3b8cebf0-0df2-11eb-a2e4-b32ea624e442,1,Channel 1,0b2ee170-0e01-11eb-8779-7d56e82df461,,,51
2020-10-14T09:46:12.274Z,3b8cebf0-0df2-11eb-a2e4-b32ea624e442,1,Channel 1,0b2ee170-0e01-11eb-8779-7d56e82df461,,,51
2020-10-14T09:46:12.630Z,3b8cebf0-0df2-11eb-a2e4-b32ea624e442,0,Channel 0,0a270e60-0e01-11eb-8779-7d56e82df461,temp,c,22.399999618530273
2020-10-14T09:46:17.185Z,3b8cebf0-0df2-11eb-a2e4-b32ea624e442,0,Channel 0,0a270e60-0e01-11eb-8779-7d56e82df461,temp,c,22.399999618530273
2020-10-14T09:46:17.280Z,3b8cebf0-0df2-11eb-a2e4-b32ea624e442,1,Channel 1,0b2ee170-0e01-11eb-8779-7d56e82df461,,,51
2020-10-14T09:46:22.202Z,3b8cebf0-0df2-11eb-a2e4-b32ea624e442,0,Channel 0,0a270e60-0e01-11eb-8779-7d56e82df461,temp,c,22.399999618530273
2020-10-14T09:46:22.288Z,3b8cebf0-0df2-11eb-a2e4-b32ea624e442,1,Channel 1,0b2ee170-0e01-11eb-8779-7d56e82df461,,,51
2020-10-14T09:46:27.196Z,3b8cebf0-0df2-11eb-a2e4-b32ea624e442,0,Channel 0,0a270e60-0e01-11eb-8779-7d56e82df461,temp,c,22.399999618530273
2020-10-14T09:46:27.300Z,3b8cebf0-0df2-11eb-a2e4-b32ea624e442,1,Channel 1,0b2ee170-0e01-11eb-8779-7d56e82df461,,,51
2020-10-14T09:46:32.205Z,3b8cebf0-0df2-11eb-a2e4-b32ea624e442,0,Channel 0,0a270e60-0e01-11eb-8779-7d56e82df461,temp,c,22.399999618530273
2020-10-14T09:46:32.421Z,3b8cebf0-0df2-11eb-a2e4-b32ea624e442,1,Channel 1,0b2ee170-0e01-11eb-8779-7d56e82df461,,,51
2020-10-14T09:46:37.325Z,3b8cebf0-0df2-11eb-a2e4-b32ea624e442,0,Channel 0,0a270e60-0e01-11eb-8779-7d56e82df461,temp,c,22.399999618530273
2020-10-14T09:46:37.326Z,3b8cebf0-0df2-11eb-a2e4-b32ea624e442,1,Channel 1,0b2ee170-0e01-11eb-8779-7d56e82df461,,,51
2020-10-14T09:46:42.320Z,3b8cebf0-0df2-11eb-a2e4-b32ea624e442,1,Channel 1,0b2ee170-0e01-11eb-8779-7d56e82df461,,,51
2020-10-14T09:46:42.323Z,3b8cebf0-0df2-11eb-a2e4-b32ea624e442,0,Channel 0,0a270e60-0e01-11eb-8779-7d56e82df461,temp,c,22.399999618530273
2020-10-14T09:46:47.269Z,3b8cebf0-0df2-11eb-a2e4-b32ea624e442,0,Channel 0,0a270e60-0e01-11eb-8779-7d56e82df461,temp,c,22.399999618530273
2020-10-14T09:46:47.324Z,3b8cebf0-0df2-11eb-a2e4-b32ea624e442,1,Channel 1,0b2ee170-0e01-11eb-8779-7d56e82df461,,,51
2020-10-14T09:46:52.236Z,3b8cebf0-0df2-11eb-a2e4-b32ea624e442,0,Channel 0,0a270e60-0e01-11eb-8779-7d56e82df461,temp,c,22.399999618530273
2020-10-14T09:46:52.330Z,3b8cebf0-0df2-11eb-a2e4-b32ea624e442,1,Channel 1,0b2ee170-0e01-11eb-8779-7d56e82df461,,,51
2020-10-14T09:46:57.240Z,3b8cebf0-0df2-11eb-a2e4-b32ea624e442,0,Channel 0,0a270e60-0e01-11eb-8779-7d56e82df461,temp,c,22.399999618530273
2020-10-14T09:46:57.338Z,3b8cebf0-0df2-11eb-a2e4-b32ea624e442,1,Channel 1,0b2ee170-0e01-11eb-8779-7d56e82df461,,,51
2020-10-14T09:47:02.251Z,3b8cebf0-0df2-11eb-a2e4-b32ea624e442,0,Channel 0,0a270e60-0e01-11eb-8779-7d56e82df461,temp,c,22.399999618530273
2020-10-14T09:47:02.473Z,3b8cebf0-0df2-11eb-a2e4-b32ea624e442,1,Channel 1,0b2ee170-0e01-11eb-8779-7d56e82df461,,,51
2020-10-14T09:47:07.641Z,3b8cebf0-0df2-11eb-a2e4-b32ea624e442,0,Channel 0,0a270e60-0e01-11eb-8779-7d56e82df461,temp,c,22.399999618530273
2020-10-14T09:47:07.854Z,3b8cebf0-0df2-11eb-a2e4-b32ea624e442,1,Channel 1,0b2ee170-0e01-11eb-8779-7d56e82df461,,,51
2020-10-14T09:47:12.362Z,3b8cebf0-0df2-11eb-a2e4-b32ea624e442,1,Channel 1,0b2ee170-0e01-11eb-8779-7d56e82df461,,,51
2020-10-14T09:47:12.484Z,3b8cebf0-0df2-11eb-a2e4-b32ea624e442,0,Channel 0,0a270e60-0e01-11eb-8779-7d56e82df461,temp,c,22.399999618530273
2020-10-14T09:47:17.273Z,3b8cebf0-0df2-11eb-a2e4-b32ea624e442,0,Channel 0,0a270e60-0e01-11eb-8779-7d56e82df461,temp,c,22.399999618530273
2020-10-14T09:47:17.375Z,3b8cebf0-0df2-11eb-a2e4-b32ea624e442,1,Channel 1,0b2ee170-0e01-11eb-8779-7d56e82df461,,,51
2020-10-14T09:47:22.330Z,3b8cebf0-0df2-11eb-a2e4-b32ea624e442,0,Channel 0,0a270e60-0e01-11eb-8779-7d56e82df461,temp,c,22.399999618530273
2020-10-14T09:47:22.374Z,3b8cebf0-0df2-11eb-a2e4-b32ea624e442,1,Channel 1,0b2ee170-0e01-11eb-8779-7d56e82df461,,,51
2020-10-14T09:47:27.385Z,3b8cebf0-0df2-11eb-a2e4-b32ea624e442,1,Channel 1,0b2ee170-0e01-11eb-8779-7d56e82df461,,,51
2020-10-14T09:47:27.412Z,3b8cebf0-0df2-11eb-a2e4-b32ea624e442,0,Channel 0,0a270e60-0e01-11eb-8779-7d56e82df461,temp,c,22.399999618530273
2020-10-14T09:47:32.455Z,3b8cebf0-0df2-11eb-a2e4-b32ea624e442,1,Channel 1,0b2ee170-0e01-11eb-8779-7d56e82df461,,,51
2020-10-14T09:47:32.657Z,3b8cebf0-0df2-11eb-a2e4-b32ea624e442,0,Channel 0,0a270e60-0e01-11eb-8779-7d56e82df461,temp,c,22.399999618530273
2020-10-14T09:47:37.313Z,3b8cebf0-0df2-11eb-a2e4-b32ea624e442,0,Channel 0,0a270e60-0e01-11eb-8779-7d56e82df461,temp,c,22.399999618530273
2020-10-14T09:47:37.407Z,3b8cebf0-0df2-11eb-a2e4-b32ea624e442,1,Channel 1,0b2ee170-0e01-11eb-8779-7d56e82df461,,,51
2020-10-14T09:47:42.438Z,3b8cebf0-0df2-11eb-a2e4-b32ea624e442,1,Channel 1,0b2ee170-0e01-11eb-8779-7d56e82df461,,,51
2020-10-14T09:47:42.439Z,3b8cebf0-0df2-11eb-a2e4-b32ea624e442,0,Channel 0,0a270e60-0e01-11eb-8779-7d56e82df461,temp,c,22.399999618530273
2020-10-14T09:47:47.323Z,3b8cebf0-0df2-11eb-a2e4-b32ea624e442,0,Channel 0,0a270e60-0e01-11eb-8779-7d56e82df461,temp,c,22.399999618530273
2020-10-14T09:47:47.417Z,3b8cebf0-0df2-11eb-a2e4-b32ea624e442,1,Channel 1,0b2ee170-0e01-11eb-8779-7d56e82df461,,,51
2020-10-14T09:47:52.328Z,3b8cebf0-0df2-11eb-a2e4-b32ea624e442,0,Channel 0,0a270e60-0e01-11eb-8779-7d56e82df461,temp,c,22.399999618530273
2020-10-14T09:47:52.422Z,3b8cebf0-0df2-11eb-a2e4-b32ea624e442,1,Channel 1,0b2ee170-0e01-11eb-8779-7d56e82df461,,,51
2020-10-14T09:47:57.353Z,3b8cebf0-0df2-11eb-a2e4-b32ea624e442,0,Channel 0,0a270e60-0e01-11eb-8779-7d56e82df461,temp,c,22.399999618530273
2020-10-14T09:47:57.554Z,3b8cebf0-0df2-11eb-a2e4-b32ea624e442,1,Channel 1,0b2ee170-0e01-11eb-8779-7d56e82df461,,,51
2020-10-14T09:48:02.429Z,3b8cebf0-0df2-11eb-a2e4-b32ea624e442,0,Channel 0,0a270e60-0e01-11eb-8779-7d56e82df461,temp,c,22.399999618530273
2020-10-14T09:48:02.482Z,3b8cebf0-0df2-11eb-a2e4-b32ea624e442,1,Channel 1,0b2ee170-0e01-11eb-8779-7d56e82df461,,,51
2020-10-14T09:48:07.395Z,3b8cebf0-0df2-11eb-a2e4-b32ea624e442,0,Channel 0,0a270e60-0e01-11eb-8779-7d56e82df461,temp,c,22.399999618530273
2020-10-14T09:48:07.580Z,3b8cebf0-0df2-11eb-a2e4-b32ea624e442,1,Channel 1,0b2ee170-0e01-11eb-8779-7d56e82df461,,,51
2020-10-14T09:48:12.377Z,3b8cebf0-0df2-11eb-a2e4-b32ea624e442,0,Channel 0,0a270e60-0e01-11eb-8779-7d56e82df461,temp,c,22.399999618530273
2020-10-14T09:48:12.573Z,3b8cebf0-0df2-11eb-a2e4-b32ea624e442,1,Channel 1,0b2ee170-0e01-11eb-8779-7d56e82df461,,,51
2020-10-14T09:48:17.374Z,3b8cebf0-0df2-11eb-a2e4-b32ea624e442,0,Channel 0,0a270e60-0e01-11eb-8779-7d56e82df461,temp,c,22.399999618530273
2020-10-14T09:48:17.462Z,3b8cebf0-0df2-11eb-a2e4-b32ea624e442,1,Channel 1,0b2ee170-0e01-11eb-8779-7d56e82df461,,,51
2020-10-14T09:48:22.380Z,3b8cebf0-0df2-11eb-a2e4-b32ea624e442,0,Channel 0,0a270e60-0e01-11eb-8779-7d56e82df461,temp,c,22.399999618530273
2020-10-14T09:48:22.515Z,3b8cebf0-0df2-11eb-a2e4-b32ea624e442,1,Channel 1,0b2ee170-0e01-11eb-8779-7d56e82df461,,,51
2020-10-14T09:48:27.388Z,3b8cebf0-0df2-11eb-a2e4-b32ea624e442,0,Channel 0,0a270e60-0e01-11eb-8779-7d56e82df461,temp,c,22.399999618530273
2020-10-14T09:48:27.849Z,3b8cebf0-0df2-11eb-a2e4-b32ea624e442,1,Channel 1,0b2ee170-0e01-11eb-8779-7d56e82df461,,,51
2020-10-14T09:48:32.400Z,3b8cebf0-0df2-11eb-a2e4-b32ea624e442,0,Channel 0,0a270e60-0e01-11eb-8779-7d56e82df461,temp,c,22.399999618530273
2020-10-14T09:48:32.500Z,3b8cebf0-0df2-11eb-a2e4-b32ea624e442,1,Channel 1,0b2ee170-0e01-11eb-8779-7d56e82df461,,,51
2020-10-14T09:48:37.525Z,3b8cebf0-0df2-11eb-a2e4-b32ea624e442,1,Channel 1,0b2ee170-0e01-11eb-8779-7d56e82df461,,,51
2020-10-14T09:48:37.894Z,3b8cebf0-0df2-11eb-a2e4-b32ea624e442,0,Channel 0,0a270e60-0e01-11eb-8779-7d56e82df461,temp,c,22.399999618530273
2020-10-14T09:48:42.420Z,3b8cebf0-0df2-11eb-a2e4-b32ea624e442,0,Channel 0,0a270e60-0e01-11eb-8779-7d56e82df461,temp,c,22.399999618530273
2020-10-14T09:48:42.652Z,3b8cebf0-0df2-11eb-a2e4-b32ea624e442,1,Channel 1,0b2ee170-0e01-11eb-8779-7d56e82df461,,,51
2020-10-14T09:48:47.532Z,3b8cebf0-0df2-11eb-a2e4-b32ea624e442,0,Channel 0,0a270e60-0e01-11eb-8779-7d56e82df461,temp,c,22.399999618530273
2020-10-14T09:48:47.533Z,3b8cebf0-0df2-11eb-a2e4-b32ea624e442,1,Channel 1,0b2ee170-0e01-11eb-8779-7d56e82df461,,,51
2020-10-14T09:48:52.451Z,3b8cebf0-0df2-11eb-a2e4-b32ea624e442,0,Channel 0,0a270e60-0e01-11eb-8779-7d56e82df461,temp,c,22.399999618530273
2020-10-14T09:48:52.545Z,3b8cebf0-0df2-11eb-a2e4-b32ea624e442,1,Channel 1,0b2ee170-0e01-11eb-8779-7d56e82df461,,,51
2020-10-14T09:48:57.453Z,3b8cebf0-0df2-11eb-a2e4-b32ea624e442,0,Channel 0,0a270e60-0e01-11eb-8779-7d56e82df461,temp,c,22.399999618530273
2020-10-14T09:48:57.558Z,3b8cebf0-0df2-11eb-a2e4-b32ea624e442,1,Channel 1,0b2ee170-0e01-11eb-8779-7d56e82df461,,,51
2020-10-14T09:49:02.498Z,3b8cebf0-0df2-11eb-a2e4-b32ea624e442,0,Channel 0,0a270e60-0e01-11eb-8779-7d56e82df461,temp,c,22.399999618530273
2020-10-14T09:49:02.560Z,3b8cebf0-0df2-11eb-a2e4-b32ea624e442,1,Channel 1,0b2ee170-0e01-11eb-8779-7d56e82df461,,,51
2020-10-14T09:49:07.484Z,3b8cebf0-0df2-11eb-a2e4-b32ea624e442,0,Channel 0,0a270e60-0e01-11eb-8779-7d56e82df461,temp,c,22.399999618530273
2020-10-14T09:49:07.579Z,3b8cebf0-0df2-11eb-a2e4-b32ea624e442,1,Channel 1,0b2ee170-0e01-11eb-8779-7d56e82df461,,,51
2020-10-14T09:49:12.484Z,3b8cebf0-0df2-11eb-a2e4-b32ea624e442,0,Channel 0,0a270e60-0e01-11eb-8779-7d56e82df461,temp,c,22.399999618530273
2020-10-14T09:49:12.587Z,3b8cebf0-0df2-11eb-a2e4-b32ea624e442,1,Channel 1,0b2ee170-0e01-11eb-8779-7d56e82df461,,,51
2020-10-14T09:49:17.499Z,3b8cebf0-0df2-11eb-a2e4-b32ea624e442,0,Channel 0,0a270e60-0e01-11eb-8779-7d56e82df461,temp,c,22.399999618530273
2020-10-14T09:49:17.589Z,3b8cebf0-0df2-11eb-a2e4-b32ea624e442,1,Channel 1,0b2ee170-0e01-11eb-8779-7d56e82df461,,,51
2020-10-14T09:49:22.511Z,3b8cebf0-0df2-11eb-a2e4-b32ea624e442,0,Channel 0,0a270e60-0e01-11eb-8779-7d56e82df461,temp,c,22.399999618530273
2020-10-14T09:49:22.608Z,3b8cebf0-0df2-11eb-a2e4-b32ea624e442,1,Channel 1,0b2ee170-0e01-11eb-8779-7d56e82df461,,,51
2020-10-14T09:49:27.515Z,3b8cebf0-0df2-11eb-a2e4-b32ea624e442,0,Channel 0,0a270e60-0e01-11eb-8779-7d56e82df461,temp,c,22.399999618530273
2020-10-14T09:49:27.618Z,3b8cebf0-0df2-11eb-a2e4-b32ea624e442,1,Channel 1,0b2ee170-0e01-11eb-8779-7d56e82df461,,,51
2020-10-14T09:49:32.543Z,3b8cebf0-0df2-11eb-a2e4-b32ea624e442,0,Channel 0,0a270e60-0e01-11eb-8779-7d56e82df461,temp,c,22.399999618530273
2020-10-14T09:49:32.852Z,3b8cebf0-0df2-11eb-a2e4-b32ea624e442,1,Channel 1,0b2ee170-0e01-11eb-8779-7d56e82df461,,,51
2020-10-14T09:49:37.638Z,3b8cebf0-0df2-11eb-a2e4-b32ea624e442,1,Channel 1,0b2ee170-0e01-11eb-8779-7d56e82df461,,,51
2020-10-14T09:49:37.724Z,3b8cebf0-0df2-11eb-a2e4-b32ea624e442,0,Channel 0,0a270e60-0e01-11eb-8779-7d56e82df461,temp,c,22.399999618530273
2020-10-14T09:49:42.600Z,3b8cebf0-0df2-11eb-a2e4-b32ea624e442,0,Channel 0,0a270e60-0e01-11eb-8779-7d56e82df461,temp,c,22.399999618530273
2020-10-14T09:49:42.653Z,3b8cebf0-0df2-11eb-a2e4-b32ea624e442,1,Channel 1,0b2ee170-0e01-11eb-8779-7d56e82df461,,,51
2020-10-14T09:49:47.570Z,3b8cebf0-0df2-11eb-a2e4-b32ea624e442,0,Channel 0,0a270e60-0e01-11eb-8779-7d56e82df461,temp,c,22.399999618530273
2020-10-14T09:49:47.875Z,3b8cebf0-0df2-11eb-a2e4-b32ea624e442,1,Channel 1,0b2ee170-0e01-11eb-8779-7d56e82df461,,,51
2020-10-14T09:49:52.666Z,3b8cebf0-0df2-11eb-a2e4-b32ea624e442,0,Channel 0,0a270e60-0e01-11eb-8779-7d56e82df461,temp,c,22.399999618530273
2020-10-14T09:49:52.668Z,3b8cebf0-0df2-11eb-a2e4-b32ea624e442,1,Channel 1,0b2ee170-0e01-11eb-8779-7d56e82df461,,,51
2020-10-14T09:49:57.603Z,3b8cebf0-0df2-11eb-a2e4-b32ea624e442,0,Channel 0,0a270e60-0e01-11eb-8779-7d56e82df461,temp,c,22.399999618530273
2020-10-14T09:49:58.046Z,3b8cebf0-0df2-11eb-a2e4-b32ea624e442,1,Channel 1,0b2ee170-0e01-11eb-8779-7d56e82df461,,,51
2020-10-14T09:50:02.713Z,3b8cebf0-0df2-11eb-a2e4-b32ea624e442,1,Channel 1,0b2ee170-0e01-11eb-8779-7d56e82df461,,,51
2020-10-14T09:50:02.765Z,3b8cebf0-0df2-11eb-a2e4-b32ea624e442,0,Channel 0,0a270e60-0e01-11eb-8779-7d56e82df461,temp,c,22.399999618530273
2020-10-14T09:50:07.603Z,3b8cebf0-0df2-11eb-a2e4-b32ea624e442,0,Channel 0,0a270e60-0e01-11eb-8779-7d56e82df461,temp,c,22.399999618530273
2020-10-14T09:50:07.722Z,3b8cebf0-0df2-11eb-a2e4-b32ea624e442,1,Channel 1,0b2ee170-0e01-11eb-8779-7d56e82df461,,,51
2020-10-14T09:50:12.621Z,3b8cebf0-0df2-11eb-a2e4-b32ea624e442,0,Channel 0,0a270e60-0e01-11eb-8779-7d56e82df461,temp,c,22.399999618530273
2020-10-14T09:50:12.851Z,3b8cebf0-0df2-11eb-a2e4-b32ea624e442,1,Channel 1,0b2ee170-0e01-11eb-8779-7d56e82df461,,,51
2020-10-14T09:50:17.646Z,3b8cebf0-0df2-11eb-a2e4-b32ea624e442,0,Channel 0,0a270e60-0e01-11eb-8779-7d56e82df461,temp,c,22.399999618530273
2020-10-14T09:50:17.761Z,3b8cebf0-0df2-11eb-a2e4-b32ea624e442,1,Channel 1,0b2ee170-0e01-11eb-8779-7d56e82df461,,,51
2020-10-14T09:50:22.640Z,3b8cebf0-0df2-11eb-a2e4-b32ea624e442,0,Channel 0,0a270e60-0e01-11eb-8779-7d56e82df461,temp,c,22.399999618530273
2020-10-14T09:50:22.749Z,3b8cebf0-0df2-11eb-a2e4-b32ea624e442,1,Channel 1,0b2ee170-0e01-11eb-8779-7d56e82df461,,,51
2020-10-14T09:50:27.647Z,3b8cebf0-0df2-11eb-a2e4-b32ea624e442,0,Channel 0,0a270e60-0e01-11eb-8779-7d56e82df461,temp,c,22.399999618530273
2020-10-14T09:50:27.894Z,3b8cebf0-0df2-11eb-a2e4-b32ea624e442,1,Channel 1,0b2ee170-0e01-11eb-8779-7d56e82df461,,,51
2020-10-14T09:50:32.800Z,3b8cebf0-0df2-11eb-a2e4-b32ea624e442,1,Channel 1,0b2ee170-0e01-11eb-8779-7d56e82df461,,,51
2020-10-14T09:50:32.857Z,3b8cebf0-0df2-11eb-a2e4-b32ea624e442,0,Channel 0,0a270e60-0e01-11eb-8779-7d56e82df461,temp,c,22.399999618530273
2020-10-14T09:50:37.694Z,3b8cebf0-0df2-11eb-a2e4-b32ea624e442,0,Channel 0,0a270e60-0e01-11eb-8779-7d56e82df461,temp,c,22.399999618530273
2020-10-14T09:50:37.766Z,3b8cebf0-0df2-11eb-a2e4-b32ea624e442,1,Channel 1,0b2ee170-0e01-11eb-8779-7d56e82df461,,,51
2020-10-14T09:50:42.679Z,3b8cebf0-0df2-11eb-a2e4-b32ea624e442,0,Channel 0,0a270e60-0e01-11eb-8779-7d56e82df461,temp,c,22.399999618530273
2020-10-14T09:50:42.778Z,3b8cebf0-0df2-11eb-a2e4-b32ea624e442,1,Channel 1,0b2ee170-0e01-11eb-8779-7d56e82df461,,,51
2020-10-14T09:50:47.692Z,3b8cebf0-0df2-11eb-a2e4-b32ea624e442,0,Channel 0,0a270e60-0e01-11eb-8779-7d56e82df461,temp,c,22.399999618530273
2020-10-14T09:50:47.786Z,3b8cebf0-0df2-11eb-a2e4-b32ea624e442,1,Channel 1,0b2ee170-0e01-11eb-8779-7d56e82df461,,,51
2020-10-14T09:50:52.702Z,3b8cebf0-0df2-11eb-a2e4-b32ea624e442,0,Channel 0,0a270e60-0e01-11eb-8779-7d56e82df461,temp,c,22.399999618530273
2020-10-14T09:50:52.817Z,3b8cebf0-0df2-11eb-a2e4-b32ea624e442,1,Channel 1,0b2ee170-0e01-11eb-8779-7d56e82df461,,,51
2020-10-14T09:50:57.817Z,3b8cebf0-0df2-11eb-a2e4-b32ea624e442,1,Channel 1,0b2ee170-0e01-11eb-8779-7d56e82df461,,,51
2020-10-14T09:50:57.829Z,3b8cebf0-0df2-11eb-a2e4-b32ea624e442,0,Channel 0,0a270e60-0e01-11eb-8779-7d56e82df461,temp,c,22.399999618530273
